{"name":"7445e77d-e964-4a85-ab81-d86539244825","id":"/providers/Microsoft.Flow/flows/7445e77d-e964-4a85-ab81-d86539244825","type":"Microsoft.Flow/flows","properties":{"apiId":"/providers/Microsoft.PowerApps/apis/shared_logicflows","displayName":"When an agreement workflow is completed successfully -> Condition","definition":{"metadata":{"workflowEntityId":null,"flowclientsuspensionreason":"None","flowclientsuspensiontime":null,"creator":{"id":"172b3665-6004-4ec8-bc42-e2ed6b0cc3be","type":"User","tenantId":"4706acd4-3cfe-47a2-b65c-e0dbfc4d95a3"},"provisioningMethod":"FromDefinition","failureAlertSubscription":true,"clientLastModifiedTime":"2021-03-16T16:33:30.6467413Z"},"$schema":"https://schema.management.azure.com/providers/Microsoft.Logic/schemas/2016-06-01/workflowdefinition.json#","contentVersion":"1.0.0.0","parameters":{"$connections":{"defaultValue":{},"type":"Object"},"$authentication":{"defaultValue":{},"type":"SecureObject"}},"triggers":{"When_an_agreement_workflow_is_completed_successfully":{"type":"OpenApiConnectionWebhook","inputs":{"host":{"apiId":"/providers/Microsoft.PowerApps/apis/shared_adobesign","connectionName":"shared_adobesign","operationId":"CreateWebhookForAgreementSignedEvent"},"parameters":{"WebhookCreationInfo/name":"Signed","WebhookCreationInfo/scope":"Any agreement in my account","WebhookCreationInfo/webhookConditionalParams/webhookAgreementEvents/includeDetailedInfo":true,"WebhookCreationInfo/webhookConditionalParams/webhookAgreementEvents/includeParticipantsInfo":false,"WebhookCreationInfo/webhookConditionalParams/webhookAgreementEvents/includeDocumentsInfo":true,"WebhookCreationInfo/webhookConditionalParams/webhookAgreementEvents/includeSignedDocuments":true},"authentication":"@parameters('$authentication')"}}},"actions":{"Create_file":{"runAfter":{"Get_a_PDF_of_a_signed_agreement":["Succeeded"]},"type":"OpenApiConnection","inputs":{"host":{"apiId":"/providers/Microsoft.PowerApps/apis/shared_onedrive","connectionName":"shared_onedrive","operationId":"CreateFile"},"parameters":{"folderPath":"@outputs('approvedFolder')","name":"@concat(triggerOutputs()?['body/agreement/name'],'.pdf')","body":"@outputs('Get_a_PDF_of_a_signed_agreement')?['body']"},"authentication":"@parameters('$authentication')"},"runtimeConfiguration":{"contentTransfer":{"transferMode":"Chunked"}}},"List_files_in_folder":{"runAfter":{"Get_file_metadata_using_path":["Succeeded"]},"metadata":{"5E13248C2CA0AAFB!33970":"/adobe/project_proposals/sent"},"type":"OpenApiConnection","inputs":{"host":{"apiId":"/providers/Microsoft.PowerApps/apis/shared_onedrive","connectionName":"shared_onedrive","operationId":"ListFolderV2"},"parameters":{"id":"@outputs('Get_file_metadata_using_path')?['body/Id']"},"authentication":"@parameters('$authentication')"}},"Apply_to_each":{"foreach":"@outputs('List_files_in_folder')?['body/value']","actions":{"Condition":{"actions":{"Delete_file":{"runAfter":{},"type":"OpenApiConnection","inputs":{"host":{"apiId":"/providers/Microsoft.PowerApps/apis/shared_onedrive","connectionName":"shared_onedrive","operationId":"DeleteFile"},"parameters":{"id":"@items('Apply_to_each')?['Id']"},"authentication":"@parameters('$authentication')"}}},"runAfter":{},"expression":{"equals":["@items('Apply_to_each')?['Name']","@concat(triggerOutputs()?['body/agreement/name'],'.pdf')"]},"type":"If"}},"runAfter":{"List_files_in_folder":["Succeeded"]},"type":"Foreach"},"Get_a_PDF_of_a_signed_agreement":{"runAfter":{"approvedFolder":["Succeeded"]},"type":"OpenApiConnection","inputs":{"host":{"apiId":"/providers/Microsoft.PowerApps/apis/shared_adobesign","connectionName":"shared_adobesign","operationId":"GetCombinedDocument_V2"},"parameters":{"agreementId":"@triggerOutputs()?['body/agreement/id']"},"authentication":"@parameters('$authentication')"}},"SentFolder":{"runAfter":{},"type":"Compose","inputs":"/adobe/project_proposals/sent"},"approvedFolder":{"runAfter":{"SentFolder":["Succeeded"]},"type":"Compose","inputs":"/adobe/project_proposals/approved"},"Get_file_metadata_using_path":{"runAfter":{"approvedFolder":["Succeeded"]},"type":"OpenApiConnection","inputs":{"host":{"apiId":"/providers/Microsoft.PowerApps/apis/shared_onedrive","connectionName":"shared_onedrive","operationId":"GetFileMetadataByPath"},"parameters":{"path":"@outputs('SentFolder')"},"authentication":"@parameters('$authentication')"}}}},"connectionReferences":{"shared_onedrive":{"connectionName":"shared-onedrive-256c5388-d1e6-42ca-934c-5a0b-9e54088e","source":"Embedded","id":"/providers/Microsoft.PowerApps/apis/shared_onedrive","tier":"NotSpecified"},"shared_adobesign":{"connectionName":"shared-adobesign-f142df09-ccd7-4d37-b000-7446-5ab17bdc","source":"Embedded","id":"/providers/Microsoft.PowerApps/apis/shared_adobesign","tier":"NotSpecified"}},"flowFailureAlertSubscribed":false}}